recency,T,frequency,monetary,expected_purc_3_month,expected_purc_6_month,expected_average_profit,cltv,segment,prob_alive
1.9795918367346939,6.795918367346938,3,3231.7133333333336,1.6843772151914125,3.14592817869164,3430.9068088295867,11231.517795678974,A,0.27925468410385607
11.816326530612244,15.061224489795919,21,773.6085714285713,6.365902143677874,12.121335249437514,780.2174572987238,9860.687852411873,A,0.4165650282537437
0.10204081632653061,1.3061224489795917,8,764.3924999999999,6.131011027885472,11.050163790593464,781.7745132328749,8960.720257231307,A,0.19278690686588354
4.591836734693878,6.36734693877551,17,423.1941176470588,10.483520272907782,19.495756335166845,427.769603845694,8674.545710665501,A,0.41980204243220953
7.4897959183673475,14.040816326530614,5,1888.6080000000002,2.112588750590544,4.021291952098082,1957.1055911909525,8205.538598599584,A,0.43944825784729846
12.653061224489795,15.040816326530614,34,452.61558823529407,9.070346872648893,17.265617033182863,455.0421685172457,8191.4423586004405,A,0.3772254624683867
0.0,4.326530612244897,2,4597.6125,0.7741605728348864,1.430448410367539,5035.246013997132,7487.401923877614,A,0.11846152161841492
